{"cameraMode":{"drawMode":0,"name":"Shaded","section":"Shading Mode"},"sceneLighting":true,"audioPlay":false,"sceneViewState":{"showFog":false,"showMaterialUpdate":true,"showSkybox":true,"showFlares":true,"showImageEffects":true,"showParticleSystems":true},"in2DMode":false,"pivot":{"x":106.90917205810547,"y":-4.055698394775391,"z":68.06778717041016},"rotation":{"x":0.14481167495250703,"y":0.6897310614585877,"z":-0.14377228915691377,"w":0.6947159767150879},"size":111.14314270019531,"orthographic":false}