{"cameraMode":{"drawMode":0,"name":"Shaded","section":"Shading Mode"},"sceneLighting":false,"audioPlay":false,"sceneViewState":{"showFog":true,"showMaterialUpdate":false,"showSkybox":true,"showFlares":true,"showImageEffects":true,"showParticleSystems":true},"in2DMode":false,"pivot":{"x":-6.190405368804932,"y":0.2693008482456207,"z":-1.1148459911346436},"rotation":{"x":0.011465812101960183,"y":0.9842123985290527,"z":-0.16236959397792817,"w":0.06950278580188751},"size":8.281994819641114,"orthographic":false}